,personName
0,Josh Selby
1,Darius Miller
2,John Salmons
3,Ben Hansbrough
4,Greg Monroe
5,Blake Griffin
6,Mario Chalmers
7,Tyshawn Taylor
8,Jamaal Tinsley
9,Kevin Martin
10,Anderson Varejao
11,DeAndre Liggins
12,Kirk Hinrich
13,Jarrett Jack
14,Patrick Patterson
15,Joel Freeland
16,CJ Miles
17,Luc Mbah a Moute
18,Jeff Ayres
19,Samardo Samuels
20,Austin Rivers
21,Chris Paul
22,Greg Smith
23,Jason Smith
24,LaMarcus Aldridge
25,Harrison Barnes
26,Perry Jones III
27,Jared Sullinger
28,Tony Parker
29,Lamar Odom
30,Joel Przybilla
31,Elton Brand
32,Carlos Delfino
33,Marquis Teague
34,Richard Hamilton
35,Jeremy Lin
36,Josh Childress
37,Nazr Mohammed
38,Marquis Daniels
39,Hasheem Thabeet
40,Lance Stephenson
41,Evan Turner
42,Paul Pierce
43,Marc Gasol
44,Isaiah Thomas
45,Luke Walton
46,Brandon Jennings
47,Nick Young
48,Dexter Pittman
49,Lance Thomas
50,Tyler Hansbrough
51,Hamed Haddadi
52,Eric Maynor
53,Ersan Ilyasova
54,Will Barton
55,Andre Drummond
56,Jeremy Evans
57,Reggie Evans
58,James Anderson
59,Nate Robinson
60,Wayne Ellington
61,David West
62,Daequan Cook
63,Jeremy Tyler
64,Bernard James
65,Jason Collins
66,Tyreke Evans
67,Ronnie Price
68,Dorell Wright
69,Kendrick Perkins
70,Marcus Morris Sr.
71,Donatas Motiejunas
72,Dion Waiters
73,Courtney Lee
74,Ryan Anderson
75,Derek Fisher
76,Joe Johnson
77,Damian Lillard
78,Toney Douglas
79,Vladimir Radmanovic
80,Rajon Rondo
81,Aaron Brooks
82,Tyler Zeller
83,Jerryd Bayless
84,Vince Carter
85,John Henson
86,Quincy Pondexter
87,Nicolas Batum
88,Omer Asik
89,DeMarcus Cousins
90,Jamal Crawford
91,Deron Williams
92,Carl Landry
93,O.J. Mayo
94,Patty Mills
95,Rashard Lewis
96,Chris Bosh
97,Alonzo Gee
98,Corey Maggette
99,Larry Sanders
100,Eric Bledsoe
101,Marvin Williams
102,James Jones
103,Taj Gibson
104,Donald Sloan
105,Wesley Matthews
106,Festus Ezeli
107,Boris Diaw
108,Tayshaun Prince
109,Luol Deng
110,Brian Roberts
111,Marreese Speights
112,Derrick Favors
113,Chris Wilcox
114,Gordon Hayward
115,Mirza Teletovic
116,Xavier Henry
117,Charlie Villanueva
118,Jeff Green
119,Willie Green
120,Kris Joseph
121,Paul Millsap
122,Darren Collison
123,Nolan Smith
124,Greivis Vasquez
125,Klay Thompson
126,Mike Miller
127,Maalik Wayns
128,Doron Lamb
129,Rodney Stuckey
130,Nando De Colo
131,Russell Westbrook
132,Dominique Jones
133,Gerald Wallace
134,Alec Burks
135,Gary Neal
136,Ray Allen
137,Earl Watson
138,Will Bynum
139,Jason Richardson
140,Jason Terry
141,Thabo Sefolosha
142,Tobias Harris
143,Thaddeus Young
144,James Johnson
145,George Hill
146,Dwyane Wade
147,Ian Mahinmi
148,Kevin Garnett
149,Rudy Gay
150,Jae Crowder
151,Tim Duncan
152,Lavoy Allen
153,Robin Lopez
154,Matt Barnes
155,Daniel Gibson
156,Jimmy Butler
157,Samuel Dalembert
158,Andris Biedrins
159,Orlando Johnson
160,Kyle Singler
161,Udonis Haslem
162,Omri Casspi
163,Joel Anthony
164,Caron Butler
165,Kim English
166,Leandro Barbosa
167,Carlos Boozer
168,Jared Cunningham
169,Draymond Green
170,Jason Thompson
171,Kris Humphries
172,Manu Ginobili
173,C.J. Watson
174,Matt Bonner
175,Danny Green
176,Tristan Thompson
177,Richard Jefferson
178,Sam Young
179,Jonas Jerebko
180,Dahntay Jones
181,Damien Wilkins
182,Chris Kaman
183,Brandan Wright
184,D.J. Augustin
185,Ronny Turiaf
186,MarShon Brooks
187,Mike Conley
188,Anthony Davis
189,Terrel Harris
190,Jrue Holiday
191,DeMarre Carroll
192,Chauncey Billups
193,Mo Williams
194,Shawn Marion
195,Kent Bazemore
196,Al Jefferson
197,DeAndre Jordan
198,Travis Outlaw
199,Sasha Pavlovic
200,Chuck Hayes
201,Marco Belinelli
202,Jason Maxiell
203,Arnett Moultrie
204,Spencer Hawes
205,David Lee
206,Norris Cole
207,Al-Farouq Aminu
208,Avery Bradley
209,Andray Blatche
210,Luke Babbitt
211,Joakim Noah
212,Austin Daye
213,Royal Ivey
214,Charles Jenkins
215,Cole Aldrich
216,Jerry Stackhouse
217,James Harden
218,Jon Leuer
219,Tony Allen
220,Roy Hibbert
221,LeBron James
222,Jimmer Fredette
223,DeJuan Blair
224,Kevin Durant
225,Brandon Bass
226,Ryan Hollins
227,Jared Jeffries
228,Francisco Garcia
229,Serge Ibaka
230,Nick Collison
231,Stephen Curry
232,Enes Freedom
233,Reggie Jackson
234,Thomas Robinson
235,Darrell Arthur
236,Keith Bogans
237,Paul George
238,Brandon Knight
239,Monta Ellis
240,Roger Mason Jr.
241,Randy Foye
242,Jeremy Pargo
243,Drew Gooden
244,Kwame Brown
245,JJ Hickson
246,Zach Randolph
247,Meyers Leonard
248,Marcus Thornton
249,Ekpe Udoh
250,Tiago Splitter
251,Chandler Parsons
252,Gerald Green
