,personId,personName
200,1627827,Dorian Finney-Smith
240,1628372,Dennis Smith Jr.
388,1629015,Zhaire Smith
458,1629312,Haywood Highsmith
594,1630174,Aaron Nesmith
608,1630188,Jalen Smith
750,1630607,Sean Christian Smith
779,1630696,Dru Smith
795,1631095,Jabari Smith Jr.
836,1631173,Terquavion Smith
908,1641733,Nick Smith Jr.
1006,200783,Craig Smith
1036,201160,Jason Smith
1238,202397,Ish Smith
1247,202536,Jerry Smith
1271,202701,Nolan Smith
1318,202962,Greg Smith
1386,203147,Chris Smith
1495,203893,Russ Smith
1699,2746,Josh Smith
1700,2747,JR Smith
1722,693,Joe Smith
