personId,personName
101106,Andrew Bogut
101107,Marvin Williams
101108,Chris Paul
101109,Raymond Felton
101110,Martell Webster
101111,Charlie Villanueva
101112,Channing Frye
101113,Ike Diogu
101114,Deron Williams
101115,Andrew Bynum
101120,Antoine Wright
101121,Joey Graham
101122,Danny Granger
101123,Gerald Green
101124,Hakim Warrick
101126,Nate Robinson
101127,Jarrett Jack
101128,Francisco Garcia
101129,Luther Head
101130,Johan Petro
101131,Jason Maxiell
101132,Linas Kleiza
101133,Ian Mahinmi
101135,David Lee
101138,Brandon Bass
101139,CJ Miles
101141,Ersan Ilyasova
101142,Ronny Turiaf
101144,Von Wafer
101145,Monta Ellis
101150,Lou Williams
101153,Mickael Gelabale
101154,Andray Blatche
101155,Ryan Gomes
101158,Orien Greene
101161,Amir Johnson
101162,Marcin Gortat
101177,Fabricio Oberto
101179,Ronnie Price
101181,Jose Calderon
101183,Shavlik Randolph
101187,Alan Anderson
101189,James Singleton
101198,Will Bynum
101211,Stephen Graham
101214,Jawad Williams
101215,Will Conroy
101235,Kelenna Azubuike
101236,Chuck Hayes
101249,John Lucas III
1112,Ben Wallace
1495,Tim Duncan
1497,Chauncey Billups
1498,Antonio Daniels
1499,Tony Battie
1503,Tracy McGrady
1515,Anthony Parker
1536,Stephen Jackson
1626143,Jahlil Okafor
1626144,Emmanuel Mudiay
1626145,Tyus Jones
1626146,Cliff Alexander
1626147,Justin Anderson
1626148,Anthony Brown
1626149,Montrezl Harrell
1626150,Andrew Harrison
1626151,Aaron Harrison
1626153,Delon Wright
1626154,RJ Hunter
1626155,Sam Dekker
1626156,D'Angelo Russell
1626157,Karl-Anthony Towns
1626158,Richaun Holmes
1626159,Justise Winslow
1626161,Willie Cauley-Stein
1626162,Kelly Oubre Jr.
1626163,Frank Kaminsky
1626164,Devin Booker
1626166,Cameron Payne
1626167,Myles Turner
1626168,Trey Lyles
1626169,Stanley Johnson
1626170,Jerian Grant
1626171,Bobby Portis
1626172,Kevon Looney
1626173,Rashad Vaughn
1626174,Christian Wood
1626175,Jordan Mickey
1626176,Rakeem Christmas
1626177,Dakari Johnson
1626178,Rondae Hollis-Jefferson
1626179,Terry Rozier
1626181,Norman Powell
1626183,Branden Dawson
1626184,Chasson Randle
1626185,Jarell Martin
1626187,Michael Frazier II
1626188,Quinn Cook
1626191,Chris McCullough
1626192,Pat Connaughton
1626195,Willy Hernangomez
1626196,Josh Richardson
1626199,Darrun Hilliard
1626202,Joe Young
1626203,Treveon Graham
1626204,Larry Nance Jr.
1626205,Vincent Hunter
1626208,Keifer Sykes
1626209,Mario Hezonja
1626210,Alan Williams
1626214,Bryce Dejean-Jones
1626218,Sir'Dominic Pointer
1626220,Royce O'Neale
1626224,Cedi Osman
1626242,Luis Montero
1626245,Cristiano Felicio
1626246,Boban Marjanovic
1626251,Duje Dukan
1626253,Axel Toupane
1626254,Maurice Ndour
1626257,Salah Mejri
1626259,Malcolm Miller
1626260,Levi Randolph
1626262,Coty Clarke
1626266,JJ O'Brien
1626273,Marcelo Huertas
1626296,Jordan Sibert
1626643,Jacob Pullen
1626780,Jonathan Gibson
1627098,Malcolm Delaney
1627215,Walt Lemon Jr.
1627293,Alex Stepheson
1627362,Briante Weber
1627395,Julian Washburn
1627732,Ben Simmons
1627733,Dragan Bender
1627734,Domantas Sabonis
1627735,Wade Baldwin IV
1627736,Malik Beasley
1627737,Marquese Chriss
1627738,Deyonta Davis
1627739,Kris Dunn
1627740,Henry Ellenson
1627741,Buddy Hield
1627742,Brandon Ingram
1627743,Demetrius Jackson
1627744,Brice Johnson
1627745,Damian Jones
1627746,Skal Labissiere
1627747,Caris LeVert
1627748,Thon Maker
1627749,Dejounte Murray
1627750,Jamal Murray
1627751,Jakob Poeltl
1627752,Taurean Prince
1627753,Zhou Qi
1627754,Diamond Stone
1627755,Tyler Ulis
1627756,Denzel Valentine
1627757,Stephen Zimmerman
1627758,Ron Baker
1627759,Jaylen Brown
1627760,Cat Barber
1627761,DeAndre' Bembry
1627762,Joel Bolomboy
1627763,Malcolm Brogdon
1627767,Cheick Diallo
1627770,Kay Felder
1627771,Michael Gbinije
1627772,Daniel Hamilton
1627773,AJ Hammons
1627774,Jake Layman
1627775,Patrick McCaw
1627777,Georges Niang
1627778,Chinanu Onuaku
1627779,Marcus Paige
1627780,Gary Payton II
1627781,Malachi Richardson
1627782,Wayne Selden
1627783,Pascal Siakam
1627784,Jarrod Uthoff
1627785,Isaiah Whitehead
1627786,Troy Williams
1627787,Kyle Wiltjer
1627788,Furkan Korkmaz
1627789,Timothe Luwawu-Cabarrot
1627790,Ante Zizic
1627791,Ben Bentil
1627812,Yogi Ferrell
1627814,Damion Lee
1627815,Sheldon Mac
1627816,Alex Poythress
1627817,Tim Quarterman
1627819,Isaiah Taylor
1627820,Tyrone Wallace
1627821,James Webb III
1627822,Petr Cornelie
1627823,Juancho Hernangomez
1627824,Guerschon Yabusele
1627826,Ivica Zubac
1627827,Dorian Finney-Smith
1627832,Fred VanVleet
1627834,Georgios Papagiannis
1627835,Paul Zipser
1627846,Abdel Nader
1627848,Shawn Long
1627849,Daniel Ochefu
1627850,Marshall Plumlee
1627851,Mindaugas Kuzminskas
1627852,Nicolas Brussino
1627853,Ryan Arcidiacono
1627854,Bryn Forbes
1627855,Okaro White
1627856,Matt Costello
1627858,Kyle Collinsworth
1627861,Mike Tobey
1627863,Danuel House Jr.
1627866,Jameel Warney
1627868,Patricio Garino
1627875,Marcus Georges-Hunt
1627879,Nicolas Laprovittola
1627883,Jalen Jones
1627884,Derrick Jones Jr.
1627885,Shaquille Harrison
1627936,Alex Caruso
1627982,Josh Gray
1627988,Myke Henry
1628021,David Nwaba
1628035,Alfonzo McKinnie
1628070,Jordan Loyd
1628221,Gabe York
1628238,Paris Bass
1628249,Mitchell Creek
1628365,Markelle Fultz
1628366,Lonzo Ball
1628367,Josh Jackson
1628368,De'Aaron Fox
1628369,Jayson Tatum
1628370,Malik Monk
1628371,Jonathan Isaac
1628372,Dennis Smith Jr.
1628373,Frank Ntilikina
1628374,Lauri Markkanen
1628378,Donovan Mitchell
1628379,Luke Kennard
1628380,Zach Collins
1628381,John Collins
1628382,Justin Jackson
1628383,Justin Patton
1628384,O.G. Anunoby
1628385,Harry Giles III
1628386,Jarrett Allen
1628387,Ike Anigbogu
1628388,T.J. Leaf
1628389,Bam Adebayo
1628390,Terrance Ferguson
1628391,D.J. Wilson
1628392,Isaiah Hartenstein
1628393,Jawun Evans
1628394,Anzejs Pasecniks
1628395,Jordan Bell
1628396,Tony Bradley
1628397,Ivan Rabb
1628398,Kyle Kuzma
1628399,Tyler Lydon
1628400,Semi Ojeleye
1628401,Derrick White
1628402,Frank Jackson
1628403,Caleb Swanigan
1628404,Josh Hart
1628405,Johnathan Motley
1628407,Dwayne Bacon
1628408,PJ Dozier
1628409,Alec Peters
1628410,Edmond Sumner
1628411,Wes Iwundu
1628412,Frank Mason III
1628413,Jonah Bolden
1628414,Sindarius Thornwell
1628415,Dillon Brooks
1628416,Tyler Dorsey
1628417,Jaron Blossomgame
1628418,Thomas Bryant
1628419,Cameron Oliver
1628420,Monte Morris
1628421,Devin Robinson
1628422,Damyean Dotson
1628424,Kobi Simmons
1628425,Sterling Brown
1628426,Sasha Vezenkov
1628427,Vlatko Cancar
1628429,Charles Cooke
1628430,Nigel Williams-Goss
1628432,Davon Reed
1628435,Chance Comanche
1628436,Luke Kornet
1628439,Isaiah Hicks
1628443,Kadeem Allen
1628444,Jabari Bird
1628449,Chris Boucher
1628450,Eric Mika
1628451,Jacob Wiley
1628454,Mike Young
1628455,Mike P. James
1628462,Milos Teodosic
1628463,Tyler Cavanaugh
1628464,Daniel Theis
1628467,Maxi Kleber
1628469,Antonio Blakeney
1628470,Torrey Craig
1628473,Yakuba Ouattara
1628475,Matt Williams Jr.
1628476,Derrick Walton Jr.
1628492,Gian Clavell
1628493,Mangok Mathiang
1628495,Milton Doyle
1628499,Antonius Cleveland
1628500,Ben Moore
1628502,Nigel Hayes
1628503,Jamel Artis
1628504,Xavier Rathan-Mayes
1628505,Troy Caupain
1628506,London Perrantes
1628510,Andrew White III
1628513,Naz Mitrou-Long
1628515,Isaiah Briscoe
1628518,Amile Jefferson
1628537,Jaylen Morris
1628539,Mychal Mulder
1628571,Erik McCree
1628578,Amida Brimah
1628591,Craig Sword
1628605,Dusty Hannahs
1628610,Cody Demps
1628656,Billy Garrett
1628681,Rodney Purvis
1628769,Tahjere McCall
1628778,Paul Watson
1628935,Aaron Jackson
1628959,Rawle Alkins
1628960,Grayson Allen
1628961,Kostas Antetokounmpo
1628962,Udoka Azubuike
1628963,Marvin Bagley III
1628964,Mo Bamba
1628966,Keita Bates-Diop
1628968,Brian Bowen II
1628969,Mikal Bridges
1628970,Miles Bridges
1628971,Bruce Brown
1628972,Troy Brown Jr.
1628973,Jalen Brunson
1628975,Jevon Carter
1628976,Wendell Carter Jr.
1628977,Hamidou Diallo
1628978,Donte DiVincenzo
1628979,Trevon Duval
1628980,Jacob Evans
1628981,Bruno Fernando
1628982,Melvin Frazier Jr.
1628983,Shai Gilgeous-Alexander
1628984,Devonte' Graham
1628985,Devon Hall
1628987,Kevin Hervey
1628988,Aaron Holiday
1628989,Kevin Huerter
1628990,Chandler Hutchison
1628991,Jaren Jackson Jr.
1628993,Alize Johnson
1628994,George King
1628995,Kevin Knox II
1628997,Caleb Martin
1628998,Cody Martin
1628999,Yante Maten
1629001,De'Anthony Melton
1629002,Chimezie Metu
1629003,Shake Milton
1629004,Svi Mykhailiuk
1629005,Malik Newman
1629006,Josh Okogie
1629007,Jontay Porter
1629008,Michael Porter Jr.
1629010,Jerome Robinson
1629011,Mitchell Robinson
1629012,Collin Sexton
1629013,Landry Shamet
1629014,Anfernee Simons
1629015,Zhaire Smith
1629016,Omari Spellman
1629017,Khyri Thomas
1629018,Gary Trent Jr.
1629019,Allonzo Trier
1629020,Jarred Vanderbilt
1629021,Moritz Wagner
1629022,Lonnie Walker IV
1629023,P.J. Washington
1629026,Kenrich Williams
1629027,Trae Young
1629028,Deandre Ayton
1629029,Luka Doncic
1629033,Theo Pinson
1629034,Ray Spalding
1629035,Carsen Edwards
1629037,Keenan Evans
1629044,Shamorie Ponds
1629045,Bonzie Colson
1629048,Goga Bitadze
1629052,Oshae Brissett
1629053,Vincent Edwards
1629055,Donte Grantham
1629056,Terence Davis
1629057,Robert Williams III
1629058,Dzanan Musa
1629059,Elie Okobo
1629060,Rui Hachimura
1629061,Deng Adel
1629065,Ky Bowman
1629066,Rodions Kurucs
1629067,Isaac Bonga
1629076,Tyler Cook
1629083,Arnoldas Kulboka
1629091,Elijah Bryant
1629093,Tyler Davis
1629094,Marcus Derrickson
1629102,Brandon Sampson
1629103,Kelan Martin
1629109,Gary Clark
1629111,Jock Landale
1629116,Angel Delgado
1629117,Wenyen Gabriel
1629118,Thomas Welsh
1629121,Jaylen Adams
1629122,J.P. Macura
1629123,Jared Terrell
1629126,Deonte Burton
1629129,Trevon Bluiett
1629130,Duncan Robinson
1629133,Daryl Macon
1629134,Kendrick Nunn
1629139,Yuta Watanabe
1629140,Johnathan Williams
1629147,Joe Chealey
1629150,Emanuel Terry
1629151,Ryan Broekhoff
1629152,DeVaughn Akoon-Purcell
1629155,Zach Lofton
1629162,Jordan McLaughlin
1629164,Brandon Goodwin
1629168,BJ Johnson
1629185,Chris Chiozza
1629203,Jemerrio Jones
1629216,Gabe Vincent
1629232,Kaiser Gates
1629234,Drew Eubanks
1629244,Cam Reynolds
1629308,Juan Toscano-Anderson
1629309,Trayvon Palmer
1629312,Haywood Highsmith
1629346,Alen Smailagic
1629353,Isaac Humphries
1629460,Justin Tillman
1629541,Dairis Bertans
1629597,Zylan Cheatham
1629598,Chris Clemons
1629599,Amir Coffey
1629600,Jarron Cumberland
1629602,Javin DeLaurier
1629603,Mamadi Diakite
1629604,CJ Elleby
1629605,Tacko Fall
1629606,Robert Franks
1629607,Jared Harper
1629608,Dewan Hernandez
1629610,DaQuan Jeffries
1629611,Terance Mann
1629614,Andrew Nembhard
1629617,Reggie Perry
1629618,Jalen Pickett
1629619,Myles Powell
1629620,Justin Robinson
1629621,Marial Shayok
1629622,Max Strus
1629623,Lindell Wigginton
1629625,Justin Wright-Foreman
1629626,Bol Bol
1629627,Zion Williamson
1629628,RJ Barrett
1629629,Cam Reddish
1629630,Ja Morant
1629631,De'Andre Hunter
1629632,Coby White
1629633,Jarrett Culver
1629634,Brandon Clarke
1629635,Sekou Doumbouya
1629636,Darius Garland
1629637,Jaxson Hayes
1629638,Nickeil Alexander-Walker
1629639,Tyler Herro
1629640,Keldon Johnson
1629641,Romeo Langford
1629642,Nassir Little
1629643,Chuma Okeke
1629644,KZ Okpala
1629645,Kevin Porter Jr.
1629646,Charles Bassey
1629647,Darius Bazley
1629648,Jordan Bone
1629649,Ignas Brazdeikis
1629650,Moses Brown
1629651,Nic Claxton
1629652,Luguentz Dort
1629653,Devon Dotson
1629655,Daniel Gafford
1629656,Quentin Grimes
1629657,Kyle Guy
1629658,Jaylen Hoard
1629659,Talen Horton-Tucker
1629660,Ty Jerome
1629661,Cameron Johnson
1629662,Mfiondu Kabengele
1629663,Louis King
1629665,Jalen Lecque
1629667,Jalen McDaniels
1629668,Zach Norvell Jr.
1629669,Jaylen Nowell
1629670,Jordan Nwora
1629671,Miye Oni
1629672,Eric Paschall
1629673,Jordan Poole
1629674,Neemias Queta
1629675,Naz Reid
1629676,Isaiah Roby
1629677,Luka Samanic
1629678,Admiral Schofield
1629680,Matisse Thybulle
1629681,Killian Tillie
1629682,Tremont Waters
1629683,Quinndary Weatherspoon
1629684,Grant Williams
1629685,Dylan Windler
1629686,Deividas Sirvydis
1629689,Aric Holman
1629690,Adam Mokoka
1629712,Didi Louzada
1629713,Justin James
1629714,Jarrell Brantley
1629716,Marques Bolden
1629717,Armoni Brooks
1629718,Charlie Brown Jr.
1629719,Devontae Cacok
1629723,John Konchar
1629724,Vic Law
1629725,Jeremiah Martin
1629726,Garrison Mathews
1629729,Josh Reaves
1629730,Rayjon Tucker
1629731,Dean Wade
1629734,Kyle Alexander
1629735,Chris Silva
1629738,Vincent Poirier
1629739,William Howard
1629740,Nicolo Melli
1629741,Marko Guduric
1629742,Stanton Kidd
1629743,Donta Hall
1629744,Matt Thomas
1629745,Tariq Owens
1629750,Javonte Green
1629751,Dakota Mathias
1629752,Juwan Morgan
1629755,Hassani Gravett
1629756,Daulton Hommes
1629760,Matt Mooney
1629783,Shaq Buchanan
1629788,Tyler Hall
1629833,Keljin Blevins
1629873,Jaysean Paige
1629875,Xavier Moon
1629958,Ahmad Caver
1629962,Devin Cannady
1630,Mikki Moore
1630162,Anthony Edwards
1630163,LaMelo Ball
1630164,James Wiseman
1630165,Killian Hayes
1630166,Deni Avdija
1630167,Obi Toppin
1630168,Onyeka Okongwu
1630169,Tyrese Haliburton
1630170,Devin Vassell
1630171,Isaac Okoro
1630172,Patrick Williams
1630173,Precious Achiuwa
1630174,Aaron Nesmith
1630175,Cole Anthony
1630176,Vernon Carey Jr.
1630177,Theo Maledon
1630178,Tyrese Maxey
1630179,Tyrell Terry
1630180,Saddiq Bey
1630181,R.J. Hampton
1630182,Josh Green
1630183,Jaden McDaniels
1630184,Kira Lewis Jr.
1630185,Nico Mannion
1630186,Jahmi'us Ramsey
1630187,Daniel Oturu
1630188,Jalen Smith
1630189,Tyler Bey
1630190,Elijah Hughes
1630191,Isaiah Stewart
1630192,Zeke Nnaji
1630193,Immanuel Quickley
1630194,Paul Reed
1630195,Leandro Bolmaro
1630196,Filip Petrusev
1630197,Aleksej Pokusevski
1630198,Isaiah Joe
1630199,Cassius Stanley
1630200,Tre Jones
1630201,Malachi Flynn
1630202,Payton Pritchard
1630203,Grant Riller
1630204,Ashton Hagans
1630205,Lamar Stevens
1630206,Jay Scrubb
1630207,Nate Hinton
1630208,Nick Richards
1630209,Omer Yurtseven
1630210,Markus Howard
1630211,Karim Mane
1630214,Xavier Tillman
1630215,Jared Butler
1630216,Cassius Winston
1630217,Desmond Bane
1630218,Robert Woodard II
1630219,Skylar Mays
1630221,Josh Hall
1630222,Mason Jones
1630223,Jalen Harris
1630224,Jalen Green
1630225,Isaiah Todd
1630227,Daishen Nix
1630228,Jonathan Kuminga
1630230,Naji Marshall
1630231,Kenyon Martin Jr.
1630233,Nathan Knight
1630234,Ty-Shon Alexander
1630235,Trent Forrest
1630237,Anthony Lamb
1630238,Malik Fitts
1630240,Saben Lee
1630241,Sam Merrill
1630243,Trevelin Queen
1630245,Ayo Dosunmu
1630249,Vit Krejci
1630250,Marko Simonovic
1630253,Sean McDermott
1630256,Jae'Sean Tate
1630257,Jon Teske
1630259,Jordan Ford
1630264,Anthony Gill
1630266,Will Magnay
1630267,Facundo Campazzo
1630268,Nate Darling
1630270,Xavier Sneed
1630271,Brodric Thomas
1630273,Freddie Gillespie
1630278,Ade Murkey
1630284,Kevon Harris
1630285,Zavier Simpson
1630286,Tre Scott
1630288,Jeff Dowtin Jr.
1630296,Braxton Key
1630306,Rob Edwards
1630311,Pat Spencer
1630314,Brandon Williams
1630322,Lindy Waters III
1630346,Matt Ryan
1630466,Gabriel Deck
1630525,David Johnson
1630526,Jeremiah Robinson-Earl
1630527,Brandon Boston Jr.
1630528,Josh Christopher
1630529,Herbert Jones
1630530,Trey Murphy III
1630531,Jaden Springer
1630532,Franz Wagner
1630533,Ziaire Williams
1630534,Ochai Agbaji
1630535,Greg Brown III
1630536,Sharife Cooper
1630537,Chris Duarte
1630538,Bones Hyland
1630539,Kai Jones
1630540,Miles McBride
1630541,Moses Moody
1630543,Isaiah Jackson
1630544,Tre Mann
1630547,James Bouknight
1630548,Johnny Juzang
1630549,Day'Ron Sharpe
1630550,JT Thor
1630551,Justin Champagnie
1630552,Jalen Johnson
1630553,Keon Johnson
1630554,Jason Preston
1630555,Joel Ayayi
1630556,Kessler Edwards
1630557,Corey Kispert
1630558,Davion Mitchell
1630559,Austin Reaves
1630560,Cam Thomas
1630561,David Duke Jr.
1630562,Matt Hurt
1630563,Joshua Primo
1630564,RaiQuan Gray
1630565,Aaron Henry
1630567,Scottie Barnes
1630568,Luka Garza
1630570,Trendon Watford
1630572,Sandro Mamukelashvili
1630573,Sam Hauser
1630575,Scottie Lewis
1630577,Julian Champagnie
1630578,Alperen Sengun
1630579,Jericho Sims
1630580,Joe Wieskamp
1630581,Josh Giddey
1630582,Yves Pons
1630583,Santi Aldama
1630585,Marcus Garrett
1630586,Usman Garuba
1630587,Isaiah Livers
1630589,Moses Wright
1630590,Scotty Pippen Jr.
1630591,Jalen Suggs
1630592,Jalen Wilson
1630593,McKinley Wright IV
1630595,Cade Cunningham
1630596,Evan Mobley
1630597,D.J. Stewart
1630598,Aaron Wiggins
1630600,Isaiah Mobley
1630602,Chaundee Brown
1630604,E.J. Liddell
1630605,JaQuori McLaughlin
1630606,Javonte Smart
1630607,Sean Christian Smith
1630608,Malcolm Cazalon
1630610,DeJon Jarreau
1630611,Gui Santos
1630612,RJ Nembhard
1630613,Duane Washington Jr.
1630618,D.J. Carton
1630620,Darius Days
1630622,Jalen Crutcher
1630624,Feron Hunt
1630625,Dalano Banton
1630631,Jose Alvarado
1630637,Carlik Jones
1630639,A.J. Lawson
1630640,MJ Walker
1630641,Ibou Badji
1630643,Jay Huff
1630644,Mac McClung
1630647,Eugene Omoruyi
1630648,Jordan Schakel
1630649,Stanley Umude
1630658,Colin Castleton
1630678,Terry Taylor
1630686,Georgios Kalaitzakis
1630688,Ish Wainright
1630691,Jamorko Pickett
1630692,Jordan Goodwin
1630693,Jamie Echenique
1630695,Micah Potter
1630696,Dru Smith
1630698,Kevin Pangos
1630699,MarJon Beauchamp
1630700,Dyson Daniels
1630701,Michael Foster Jr.
1630702,Jaden Hardy
1630703,Scoot Henderson
1630707,Malik Ellison
1630758,Aleem Ford
1630787,Cameron McGriff
1630792,Malcolm Hill
1630846,Olivier Sarr
1630929,Henri Drell
1630994,Gabriel Lundberg
1631093,Jaden Ivey
1631094,Paolo Banchero
1631095,Jabari Smith Jr.
1631096,Chet Holmgren
1631097,Bennedict Mathurin
1631098,Johnny Davis
1631099,Keegan Murray
1631100,AJ Griffin
1631101,Shaedon Sharpe
1631102,TyTy Washington Jr.
1631103,Malaki Branham
1631104,Blake Wesley
1631105,Jalen Duren
1631106,Tari Eason
1631107,Nikola Jovic
1631108,Max Christie
1631109,Mark Williams
1631110,Jeremy Sochan
1631111,Wendell Moore Jr.
1631112,Kendall Brown
1631113,Kennedy Chandler
1631114,Jalen Williams
1631115,Orlando Robinson
1631116,Patrick Baldwin Jr.
1631117,Walker Kessler
1631119,Jaylin Williams
1631120,JD Davison
1631121,Bryce McGowens
1631123,Jamaree Bouyea
1631124,Julian Strawther
1631128,Christian Braun
1631131,Oscar Tshiebwe
1631132,Christian Koloko
1631133,Jabari Walker
1631157,Ryan Rollins
1631159,Leonard Miller
1631160,Jordan Hall
1631165,Keon Ellis
1631167,Izaiah Brockington
1631169,Josh Minott
1631170,Jaime Jaquez Jr.
1631172,Ousmane Dieng
1631173,Terquavion Smith
1631197,Jared Rhoden
1631199,Ron Harper Jr.
1631200,Kris Murray
1631204,Marcus Sasser
1631205,Buddy Boeheim
1631207,Dalen Terry
1631209,Isaiah Wong
1631210,Jacob Toppin
1631211,Trevor Keels
1631212,Peyton Watson
1631213,Tyrese Martin
1631214,Alondes Williams
1631216,Caleb Houstan
1631217,Moussa Diabate
1631218,Trayce Jackson-Davis
1631219,John Butler Jr.
1631220,Dereon Seabron
1631221,Collin Gillespie
1631222,Jake LaRavia
1631223,David Roddy
1631230,Dominick Barlow
1631241,Javon Freeman-Liberty
1631243,Mouhamed Gueye
1631245,Quenton Jackson
1631246,Vince Williams Jr.
1631250,Pete Nance
1631254,Kenneth Lofton Jr.
1631257,Jermaine Samuels Jr.
1631260,AJ Green
1631262,Jules Bernard
1631288,Jamal Cain
1631298,Jack White
1631303,Justin Minaya
1631306,Cole Swider
1631309,Trevor Hudgins
1631311,Lester Quinones
1631320,Chima Moneke
1631321,Sidy Cissoko
1631323,Simone Fontecchio
1631338,Mouhamadou Gueye
1631367,Jacob Gilyard
1631376,Dmytro Skapintsev
1631386,Taze Moore
1631466,Jeenathan Nate Williams
1631495,Donovan Williams
1641645,Xavier Cooks
1641705,Victor Wembanyama
1641706,Brandon Miller
1641707,Taylor Hendricks
1641708,Amen Thompson
1641709,Ausar Thompson
1641710,Anthony Black
1641711,Gradey Dick
1641712,Rayan Rupert
1641713,GG Jackson
1641715,Cam Whitmore
1641716,Jarace Walker
1641717,Cason Wallace
1641718,Keyonte George
1641720,Jalen Hood-Schifino
1641721,Maxwell Lewis
1641722,Jordan Hawkins
1641723,Kobe Bufkin
1641724,Jett Howard
1641726,Dereck Lively II
1641727,Dariq Whitehead
1641729,Brice Sensabaugh
1641730,Noah Clowney
1641731,Bilal Coulibaly
1641732,Colby Jones
1641733,Nick Smith Jr.
1641734,Emoni Bates
1641735,Amari Bailey
1641738,Kobe Brown
1641739,Toumani Camara
1641741,Ricky Council IV
1641745,Adam Flagler
1641748,Andre Jackson Jr.
1641749,Keyontae Johnson
1641753,Chris Livingston
1641754,Seth Lundy
1641757,Jordan Miller
1641763,Julian Phillips
1641764,Brandin Podziemski
1641765,Olivier-Maxence Prosper
1641766,Adama Sanogo
1641767,Ben Sheppard
1641771,Jalen Slawson
1641774,Tristan Vukcevic
1641775,Jordan Walsh
1641777,Charles Bediako
1641778,Leaky Black
1641787,Tosan Evbuomwan
1641788,Alex Fudge
1641793,D'Moi Hodge
1641798,Jaylen Martin
1641806,Markquis Nowell
1641809,Drew Peterson
1641811,Sir'Jabari Rice
1641816,Hunter Tyson
1641847,Andrew Funk
1641851,Timmy Allen
1641854,Craig Porter Jr.
1641871,Duop Reath
1641877,Nathan Mensah
1641926,Dexter Dennis
1641931,Onuralp Bitim
1641936,Miles Norris
1641945,Jaylin Galloway
1641970,Maozinha Pereira
1641998,Trey Jemison
1642013,Malik Williams
1710,Mike Bibby
1712,Antawn Jamison
1713,Vince Carter
1715,Jason Williams
1716,Larry Hughes
1717,Dirk Nowitzki
1718,Paul Pierce
1730,Brian Skinner
1733,Al Harrington
1737,Nazr Mohammed
1740,Rashard Lewis
1752,Sean Marks
1802,Brad Miller
1853,Anthony Carter
1863,Earl Boykins
1882,Elton Brand
1884,Baron Davis
1885,Lamar Odom
1888,Richard Hamilton
1889,Andre Miller
1890,Shawn Marion
1891,Jason Terry
1894,Corey Maggette
1897,Metta World Peace
1899,James Posey
1902,Jeff Foster
1905,Andrei Kirilenko
1922,Francisco Elson
1938,Manu Ginobili
1952,Raja Bell
200081,Jamario Moon
200745,Andrea Bargnani
200746,LaMarcus Aldridge
200748,Tyrus Thomas
200749,Shelden Williams
200750,Brandon Roy
200751,Randy Foye
200752,Rudy Gay
200755,JJ Redick
200756,Hilton Armstrong
200757,Thabo Sefolosha
200758,Ronnie Brewer
200760,Rodney Carney
200761,Shawne Williams
200764,Renaldo Balkman
200765,Rajon Rondo
200768,Kyle Lowry
200769,Shannon Brown
200770,Jordan Farmar
200771,Sergio Rodriguez
200772,Maurice Ager
200777,Joel Freeland
200778,James White
200779,Steve Novak
200780,Solomon Jones
200782,P.J. Tucker
200783,Craig Smith
200789,Daniel Gibson
200794,Paul Millsap
200796,Leon Powe
200797,Ryan Hollins
200809,Chris Quinn
200811,Lou Amundson
200817,Pooh Jeter
200822,Pops Mensah-Bonsu
200826,J.J. Barea
200839,Mike Harris
201041,Walker Russell
201141,Greg Oden
201142,Kevin Durant
201143,Al Horford
201144,Mike Conley
201145,Jeff Green
201146,Jianlian Yi
201147,Corey Brewer
201148,Brandan Wright
201149,Joakim Noah
201150,Spencer Hawes
201151,Acie Law
201152,Thaddeus Young
201153,Julian Wright
201154,Al Thornton
201155,Rodney Stuckey
201156,Nick Young
201157,Sean Williams
201158,Marco Belinelli
201160,Jason Smith
201161,Daequan Cook
201162,Jared Dudley
201163,Wilson Chandler
201164,Rudy Fernandez
201165,Morris Almond
201166,Aaron Brooks
201167,Arron Afflalo
201168,Tiago Splitter
201171,Carl Landry
201175,Glen Davis
201177,Josh McRoberts
201178,Kyrylo Fesenko
201182,Derrick Byars
201187,Dominic McGuire
201188,Marc Gasol
201189,Aaron Gray
201196,Ramon Sessions
201202,Joel Anthony
201203,Mustafa Shakur
201208,Darryl Watkins
201228,C.J. Watson
201229,Anthony Tolliver
201234,Trey Johnson
201238,Mario West
201274,Ivan Johnson
201281,Andre Ingram
201286,Eric Dawson
201291,Carldell Johnson
201336,Blake Ahearn
201563,Michael Beasley
201564,O.J. Mayo
201565,Derrick Rose
201566,Russell Westbrook
201567,Kevin Love
201568,Danilo Gallinari
201569,Eric Gordon
201571,D.J. Augustin
201572,Brook Lopez
201573,Jerryd Bayless
201574,Jason Thompson
201575,Brandon Rush
201576,Anthony Randolph
201577,Robin Lopez
201578,Marreese Speights
201579,Roy Hibbert
201580,JaVale McGee
201581,JJ Hickson
201582,Alexis Ajinca
201583,Ryan Anderson
201584,Courtney Lee
201585,Kosta Koufos
201586,Serge Ibaka
201587,Nicolas Batum
201588,George Hill
201589,Darrell Arthur
201590,Donte Greene
201591,DJ White
201593,Nikola Pekovic
201595,Joey Dorsey
201596,Mario Chalmers
201599,DeAndre Jordan
201600,Omer Asik
201601,Luc Mbah a Moute
201602,Kyle Weaver
201603,Sonny Weems
201604,Chris Douglas-Roberts
201607,Patrick Ewing
201609,Goran Dragic
201611,Henry Walker
201616,Darnell Jackson
201619,Sasha Kaun
201623,Semih Erden
201627,Anthony Morrow
201628,Bobby Brown
201632,Hamed Haddadi
201785,Othyus Jeffers
201814,Gary Forbes
201858,Cartier Martin
201880,Greg Stiemsma
201933,Blake Griffin
201934,Hasheem Thabeet
201935,James Harden
201936,Tyreke Evans
201937,Ricky Rubio
201938,Jonny Flynn
201939,Stephen Curry
201941,Jordan Hill
201942,DeMar DeRozan
201943,Brandon Jennings
201944,Terrence Williams
201945,Gerald Henderson
201946,Tyler Hansbrough
201947,Earl Clark
201948,Austin Daye
201949,James Johnson
201950,Jrue Holiday
201951,Ty Lawson
201952,Jeff Teague
201953,Eric Maynor
201954,Darren Collison
201956,Omri Casspi
201957,Byron Mullens
201958,Rodrigue Beaubois
201959,Taj Gibson
201960,DeMarre Carroll
201961,Wayne Ellington
201962,Toney Douglas
201963,Christian Eyenga
201964,Victor Claver
201965,Jeff Ayres
201966,Jermaine Taylor
201967,Dante Cunningham
201969,DaJuan Summers
201970,Sam Young
201971,DeJuan Blair
201972,Jon Brockman
201973,Jonas Jerebko
201974,Derrick Brown
201975,Jodie Meeks
201976,Patrick Beverley
201977,Marcus Thornton
201978,Chase Budinger
201979,Nick Calathes
201980,Danny Green
201985,AJ Price
201986,Nando De Colo
201988,Patty Mills
201991,Lester Hudson
202066,Garrett Temple
202067,Diamon Simpson
202077,Jerel McNeal
202081,Garret Siler
202082,Larry Owens
202083,Wesley Matthews
202087,Alonzo Gee
202091,Dionte Christmas
202130,Reggie Williams
202148,Mickell Gladness
202178,Sundiata Gaines
202197,Shane Edwards
202220,Zabian Dowdell
202227,Terrel Harris
202322,John Wall
202323,Evan Turner
202324,Derrick Favors
202325,Wesley Johnson
202326,DeMarcus Cousins
202327,Ekpe Udoh
202328,Greg Monroe
202329,Al-Farouq Aminu
202330,Gordon Hayward
202331,Paul George
202332,Cole Aldrich
202333,Xavier Henry
202334,Ed Davis
202335,Patrick Patterson
202336,Larry Sanders
202337,Luke Babbitt
202338,Kevin Seraphin
202339,Eric Bledsoe
202340,Avery Bradley
202341,James Anderson
202342,Craig Brackins
202343,Elliot Williams
202344,Trevor Booker
202345,Damion James
202346,Dominique Jones
202347,Quincy Pondexter
202348,Jordan Crawford
202349,Greivis Vasquez
202350,Daniel Orton
202351,Lazar Hayward
202353,Tibor Pleiss
202354,Dexter Pittman
202355,Hassan Whiteside
202356,Armon Johnson
202357,Nemanja Bjelica
202359,Darington Hobson
202360,Andy Rautins
202361,Landry Fields
202362,Lance Stephenson
202363,Jarvis Varnado
202365,Devin Ebanks
202366,Jerome Jordan
202371,Gani Lawal
202374,Solomon Alabi
202376,Luke Harangody
202377,Pape Sy
202378,Willie Warren
202379,Jeremy Evans
202380,Hamady Ndiaye
202382,Derrick Caracter
202385,Ryan Reid
202386,Ben Uzoh
202388,Donald Sloan
202389,Timofey Mozgov
202390,Gary Neal
202391,Jeremy Lin
202392,Marqus Blakely
202395,Sherron Collins
202396,Samardo Samuels
202397,Ish Smith
202399,Jeff Adrien
202406,Jerome Dyson
202407,Elijah Millsap
202408,Marcus Cousin
202412,Manny Harris
202419,Chris Anthony Johnson
202458,Justin Dentmon
202498,Lance Thomas
202536,Jerry Smith
202545,Luke Zeller
202620,Arinze Onuaku
202622,Courtney Fortson
202681,Kyrie Irving
202682,Derrick Williams
202683,Enes Freedom
202684,Tristan Thompson
202685,Jonas Valanciunas
202686,Jan Vesely
202687,Bismack Biyombo
202688,Brandon Knight
202689,Kemba Walker
202690,Jimmer Fredette
202691,Klay Thompson
202692,Alec Burks
202693,Markieff Morris
202694,Marcus Morris Sr.
202695,Kawhi Leonard
202696,Nikola Vucevic
202697,Iman Shumpert
202698,Chris Singleton
202699,Tobias Harris
202700,Donatas Motiejunas
202701,Nolan Smith
202702,Kenneth Faried
202703,Nikola Mirotic
202704,Reggie Jackson
202705,MarShon Brooks
202706,Jordan Hamilton
202707,JaJuan Johnson
202708,Norris Cole
202709,Cory Joseph
202710,Jimmy Butler
202711,Bojan Bogdanovic
202712,Justin Harper
202713,Kyle Singler
202714,Shelvin Mack
202715,Tyler Honeycutt
202716,Jordan Williams
202717,Trey Thompkins
202718,Chandler Parsons
202719,Jeremy Tyler
202720,Jon Leuer
202721,Darius Morris
202722,Davis Bertans
202723,Malcolm Lee
202724,Charles Jenkins
202725,Josh Harrellson
202726,Andrew Goudelock
202727,Travis Leslie
202728,Keith Benson
202729,Josh Selby
202730,Lavoy Allen
202731,Vernon Macklin
202732,DeAndre Liggins
202734,E'Twaun Moore
202738,Isaiah Thomas
202775,Edwin Ubiles
202779,Dwight Buycks
202809,Cory Higgins
202810,D.J. Kennedy
202814,Mychel Thompson
202862,Dennis Horner
202874,Chris Dayton Wright
202880,Jeff Foote
202918,Xavier Silas
202933,Julyan Stone
202951,Jeremy Pargo
202952,Malcolm Thomas
202954,Brad Wanamaker
202962,Greg Smith
202970,Gustavo Ayon
2030,Kenyon Martin
203006,Josh Akognon
203076,Anthony Davis
203077,Michael Kidd-Gilchrist
203078,Bradley Beal
203079,Dion Waiters
203080,Thomas Robinson
203081,Damian Lillard
203082,Terrence Ross
203083,Andre Drummond
203084,Harrison Barnes
203085,Austin Rivers
203086,Meyers Leonard
203087,Jeremy Lamb
203088,Kendall Marshall
203089,John Henson
203090,Maurice Harkless
203091,Royce White
203092,Tyler Zeller
203093,Terrence Jones
203094,Andrew Nicholson
203095,Evan Fournier
203096,Jared Sullinger
203097,Fab Melo
203098,John Jenkins
203099,Jared Cunningham
203100,Tony Wroten
203101,Miles Plumlee
203102,Arnett Moultrie
203103,Perry Jones III
203104,Marquis Teague
203105,Festus Ezeli
203106,Jeffery Taylor
203107,Tomas Satoransky
203108,Bernard James
203109,Jae Crowder
203110,Draymond Green
203111,Orlando Johnson
203112,Quincy Acy
203113,Quincy Miller
203114,Khris Middleton
203115,Will Barton
203116,Tyshawn Taylor
203117,Doron Lamb
203118,Mike Scott
203119,Kim English
203120,Justin Hamilton
203121,Darius Miller
203122,Kevin Murphy
203123,Kostas Papanikolaou
203124,Kyle O'Quinn
203126,Kris Joseph
203128,Furkan Aldemir
203129,Tornike Shengelia
203130,Darius Johnson-Odom
203133,Robbie Hummel
203135,Robert Sacre
203136,Ognjen Kuzmic
203138,Hollis Thompson
203139,Viacheslav Kravtsov
203141,Mirza Teletovic
203142,Chris Copeland
203143,Pablo Prigioni
203144,Alexey Shved
203145,Kent Bazemore
203146,Maalik Wayns
203147,Chris Smith
203148,Brian Roberts
203156,Henry Sims
203158,Kevin Jones
203159,Scott Machado
203162,Ben Hansbrough
203183,Tony LaShae Mitchell
203186,Willie Reed
203187,Chris Johnson
203197,Diante Garrett
203199,DeQuan Jones
203200,Justin Holiday
203203,Chris Wright
203210,JaMychal Green
203263,James Nunnally
203268,Jorge Gutierrez
203315,Toure' Murry
203317,Tim Ohlbrecht
203318,Glen Rice
203382,Aron Baynes
2034,Mike Miller
203457,Nerlens Noel
203458,Alex Len
203459,Allen Crabbe
203460,Andre Roberson
203461,Anthony Bennett
203462,Archie Goodwin
203463,Ben McLemore
203464,Brandon Paul
203467,Carrick Felix
203468,CJ McCollum
203469,Cody Zeller
203471,Dennis Schroder
203473,Dewayne Dedmon
203474,DJ Stephens
203475,Erick Green
203476,Gorgui Dieng
203477,Isaiah Canaan
203479,Jamaal Franklin
203480,James Southerland
203481,Jeff Withey
203482,Kelly Olynyk
203484,Kentavious Caldwell-Pope
203485,Lorenzo Brown
203486,Mason Plumlee
203487,Michael Carter-Williams
203488,Mike Muscala
203489,Nate Wolters
203490,Otto Porter Jr.
203491,Peyton Siva
203492,Ray McCallum
203493,Reggie Bullock
203495,Ricky Ledo
203496,Robert Covington
203497,Rudy Gobert
203498,Shabazz Muhammad
203499,Shane Larkin
203500,Steven Adams
203501,Tim Hardaway Jr.
203502,Tony Mitchell
203503,Tony Snell
203504,Trey Burke
203505,Vander Blue
203506,Victor Oladipo
203507,Giannis Antetokounmpo
203508,Sergey Karasev
203510,Pierre Jackson
203511,Grant Jerrett
203512,Lucas Nogueira
203513,Erik Murphy
203515,Phil Pressey
203516,James Ennis III
203517,Nemanja Nedovic
203518,Alex Abrines
203519,Adonis Thomas
203521,Matthew Dellavedova
203524,Solomon Hill
203526,Raul Neto
203527,Ryan Kelly
203530,Joffrey Lauvergne
203539,Gal Mekel
203540,Gigi Datome
203543,Vitor Faverani
203544,Pero Antic
203545,Miroslav Raduljica
203546,Ian Clark
203548,Elias Harris
203552,Seth Curry
203561,Brandon Davies
203564,Kalin Lucas
203565,Patrick Christopher
203569,Chris Babb
203580,Larry Drew II
203584,Troy Daniels
203585,Rodney McGruder
203590,Trey McKinney-Jones
203613,Jonathon Simmons
203648,Thanasis Antetokounmpo
203658,Norvel Pelle
203687,Reggie Hearn
2037,Jamal Crawford
203705,Josh Magette
203710,C.J. Williams
203798,PJ Hairston
2038,Joel Przybilla
203805,Will Cherry
203810,Casper Ware
203816,Scotty Hopson
203893,Russ Smith
203894,Shabazz Napier
203895,Jordan McRae
203897,Zach LaVine
203898,Tyler Ennis
2039,Keyon Dooling
203900,Markel Brown
203901,Elfrid Payton
203902,Semaj Christon
203903,Jordan Clarkson
203906,Devyn Marble
203909,KJ McDaniels
203910,Nick Johnson
203912,C.J. Wilcox
203913,Jabari Brown
203914,Gary Harris
203915,Spencer Dinwiddie
203917,Nik Stauskas
203918,Rodney Hood
203919,Jordan Adams
203920,Khem Birch
203921,Cleanthony Early
203922,Glenn Robinson III
203923,James Young
203924,Jerami Grant
203925,Joe Harris
203926,Doug McDermott
203928,Cory Jefferson
203930,Sean Kilpatrick
203932,Aaron Gordon
203933,T.J. Warren
203934,Lamar Patterson
203935,Marcus Smart
203937,Kyle Anderson
203939,Dwight Powell
203940,Adreian Payne
203942,Patric Young
203943,Noah Vonleh
203944,Julius Randle
203945,Alex Kirk
203946,Cameron Bairstow
203948,Johnny O'Bryant III
203949,James Michael McAdoo
203950,Jarnell Stokes
203951,Keith Appling
203952,Andrew Wiggins
203953,Jabari Parker
203954,Joel Embiid
203955,Bryce Cotton
203956,Mitch McGary
203957,Dante Exum
203958,Andre Dawkins
203960,JaKarr Sampson
203961,Eric Moreland
203962,Josh Huestis
203963,Shayne Whittington
203966,Jamil Wilson
203967,Dario Saric
203968,Jerrelle Benimon
203991,Clint Capela
203992,Bogdan Bogdanovic
203994,Jusuf Nurkic
203995,Vasilije Micic
203996,Damien Inglis
203998,Bruno Caboclo
203999,Nikola Jokic
204001,Kristaps Porzingis
204002,Edy Tavares
204014,Damjan Rudez
204020,Tyler Johnson
204021,Sim Bhullar
204022,Jack Cooley
204025,Tim Frazier
204028,Tarik Black
204033,David Wear
204037,Travis Wear
204038,Langston Galloway
204040,Ronald Roberts Jr.
204054,Zoran Dragic
204060,Joe Ingles
204065,David Stockton
204066,John Holland
204067,Jarell Eddie
204076,Richard Solomon
204079,Drew Gordon
204098,Xavier Munford
2041,Etan Thomas
204179,Omari Johnson
204222,Greg Whittington
204456,T.J. McConnell
2045,Hedo Turkoglu
2047,Quentin Richardson
2048,Jamaal Magloire
2050,Morris Peterson
2052,DeShawn Stevenson
2059,Eduardo Najera
2067,Eddie House
2072,Michael Redd
2073,Brian Cardinal
2124,Malik Allen
2137,Ime Udoka
2198,Kwame Brown
2199,Tyson Chandler
2200,Pau Gasol
2201,Eddy Curry
2202,Jason Richardson
2203,Shane Battier
2205,DeSagana Diop
2207,Joe Johnson
2209,Vladimir Radmanovic
2210,Richard Jefferson
2211,Troy Murphy
2215,Jason Collins
2216,Zach Randolph
2217,Brendan Haywood
2222,Gerald Wallace
2223,Samuel Dalembert
2224,Jamaal Tinsley
2225,Tony Parker
2229,Mike James
2230,Maurice Evans
2240,Gilbert Arenas
2243,Brian Scalabrine
2246,Mehmet Okur
2248,Earl Watson
2250,Bobby Simmons
2260,Jarron Collins
2294,Charlie Bell
2306,Carlos Arroyo
2365,Chris Andersen
2397,Ming Yao
2399,Mike Dunleavy
2400,Drew Gooden
2403,Nene Hilario
2404,Chris Wilcox
2405,Amar'e Stoudemire
2406,Caron Butler
2407,Jared Jeffries
2408,Melvin Ely
2419,Tayshaun Prince
2420,Nenad Krstic
2422,John Salmons
2427,Roger Mason Jr.
2429,Dan Gadzuric
2430,Carlos Boozer
2431,David Andersen
2440,Matt Barnes
2443,Darius Songaila
2446,Rasual Butler
2449,Luis Scola
2457,Jannero Pargo
2501,Reggie Evans
2544,LeBron James
2545,Darko Milicic
2546,Carmelo Anthony
2547,Chris Bosh
2548,Dwyane Wade
2549,Chris Kaman
255,Grant Hill
2550,Kirk Hinrich
2551,T.J. Ford
2554,Mickael Pietrus
2555,Nick Collison
2556,Marcus Banks
2557,Luke Ridnour
2561,David West
2562,Sasha Pavlovic
2563,Dahntay Jones
2564,Boris Diaw
2566,Travis Outlaw
2567,Brian Cook
2568,Carlos Delfino
2570,Kendrick Perkins
2571,Leandro Barbosa
2572,Josh Howard
2574,Jason Kapono
2575,Luke Walton
2581,Steve Blake
2584,Willie Green
2585,Zaza Pachulia
2586,Keith Bogans
2588,Matt Bonner
2590,Mo Williams
2592,James Jones
2594,Kyle Korver
2605,Marquis Daniels
2617,Udonis Haslem
2624,Quinton Ross
2648,Ronald Dupree
2668,Josh Davis
2679,Matt Carroll
2694,Josh Powell
2730,Dwight Howard
2731,Emeka Okafor
2732,Ben Gordon
2733,Shaun Livingston
2734,Devin Harris
2735,Josh Childress
2736,Luol Deng
2738,Andre Iguodala
2740,Andris Biedrins
2742,Sebastian Telfair
2743,Kris Humphries
2744,Al Jefferson
2746,Josh Smith
2747,JR Smith
2748,Dorell Wright
2749,Jameer Nelson
2753,Delonte West
2754,Tony Allen
2755,Kevin Martin
2756,Sasha Vujacic
2757,Beno Udrih
2760,Anderson Varejao
2765,Andre Emmett
2767,Royal Ivey
2768,Chris Duhon
2772,Trevor Ariza
2788,DJ Mbenga
2804,Andres Nocioni
2853,Earl Barron
2863,Damien Wilkins
406,Shaquille O'Neal
436,Juwan Howard
467,Jason Kidd
686,Antonio McDyess
689,Theo Ratliff
693,Joe Smith
703,Kurt Thomas
708,Kevin Garnett
711,Jerry Stackhouse
739,Rasheed Wallace
948,Marcus Camby
951,Ray Allen
956,Erick Dampier
959,Steve Nash
965,Derek Fisher
977,Kobe Bryant
978,Peja Stojakovic
979,Jermaine O'Neal
980,Zydrunas Ilgauskas

